<?xml version="1.0" encoding="UTF-8"?>
<project-private xmlns="http://www.netbeans.org/ns/project-private/1">
    <editor-bookmarks xmlns="http://www.netbeans.org/ns/editor-bookmarks/2" lastBookmarkId="0"/>
    <open-files xmlns="http://www.netbeans.org/ns/projectui-open-files/2">
        <group>
            <file>file:/Users/vignesh-pt5186/NetBeansProjects/BankApp/web/js/main.js</file>
            <file>file:/Users/vignesh-pt5186/NetBeansProjects/BankApp/web/signup.jsp</file>
            <file>file:/Users/vignesh-pt5186/NetBeansProjects/BankApp/web/WEB-INF/web.xml</file>
            <file>file:/Users/vignesh-pt5186/NetBeansProjects/BankApp/web/showbalance.jsp</file>
            <file>file:/Users/vignesh-pt5186/NetBeansProjects/BankApp/src/java/controller/manager/AddNewStaff.java</file>
            <file>file:/Users/vignesh-pt5186/NetBeansProjects/BankApp/web/index.jsp</file>
            <file>file:/Users/vignesh-pt5186/NetBeansProjects/BankApp/src/java/controller/customer/CustomerHome.java</file>
            <file>file:/Users/vignesh-pt5186/NetBeansProjects/BankApp/web/staffHome.jsp</file>
            <file>file:/Users/vignesh-pt5186/NetBeansProjects/BankApp/src/java/struts.xml</file>
            <file>file:/Users/vignesh-pt5186/NetBeansProjects/BankApp/src/java/utilities/Validator.java</file>
        </group>
    </open-files>
</project-private>
